-- phpMyAdmin SQL Dump
-- version 4.4.15.5
-- http://www.phpmyadmin.net
--
-- Host: localhost
-- Generation Time: Nov 03, 2016 at 05:34 PM
-- Server version: 5.7.16-0ubuntu0.16.04.1
-- PHP Version: 7.0.8-0ubuntu0.16.04.3

SET SQL_MODE = "NO_AUTO_VALUE_ON_ZERO";
SET time_zone = "+00:00";


/*!40101 SET @OLD_CHARACTER_SET_CLIENT=@@CHARACTER_SET_CLIENT */;
/*!40101 SET @OLD_CHARACTER_SET_RESULTS=@@CHARACTER_SET_RESULTS */;
/*!40101 SET @OLD_COLLATION_CONNECTION=@@COLLATION_CONNECTION */;
/*!40101 SET NAMES utf8mb4 */;

--
-- Database: `escola`
--

-- --------------------------------------------------------

--
-- Table structure for table `aluno`
--

CREATE TABLE IF NOT EXISTS `aluno` (
  `matricula` int(11) NOT NULL,
  `nome` varchar(255) NOT NULL,
  `dt_nasc` date NOT NULL,
  `cpf` varchar(14) NOT NULL,
  `mensalidade` double NOT NULL
) ENGINE=InnoDB AUTO_INCREMENT=51 DEFAULT CHARSET=latin1;

--
-- Dumping data for table `aluno`
--

INSERT INTO `aluno` (`matricula`, `nome`, `dt_nasc`, `cpf`, `mensalidade`) VALUES
(1, 'Alice', '2003-07-23', '383.259.692-68', 930.37),
(2, 'Ana Clara', '2006-08-20', '891.152.313-52', 762.68),
(3, 'Ana Luiza', '2001-09-27', '609.558.624-34', 699.77),
(4, 'Arthur', '2004-07-14', '554.734.734-34', 913.86),
(5, 'Beatriz', '2005-05-10', '745.195.251-30', 940.52),
(6, 'Bernardo', '2006-10-20', '486.658.221-56', 672.89),
(7, 'Daniel', '2007-05-16', '513.544.578-91', 945.45),
(8, 'Davi', '2002-06-26', '529.257.888-93', 798.53),
(9, 'Enzo', '2004-05-14', '289.804.343-49', 744.92),
(10, 'Felipe', '2009-09-21', '324.237.641-55', 673.74),
(11, 'Gabriel', '2000-02-19', '526.411.954-62', 935.24),
(12, 'Giovanna', '2000-10-12', '801.275.241-37', 787.71),
(13, 'Guilherme', '2006-05-28', '469.857.796-54', 923.23),
(14, 'Gustavo', '2000-05-18', '609.319.909-30', 921.59),
(15, 'Heitor', '2001-09-24', '292.302.459-56', 662.39),
(16, 'Helena', '2008-07-19', '412.227.790-29', 715.37),
(17, 'Heloísa', '2000-03-22', '129.729.631-90', 925.13),
(18, 'Henrique', '2003-10-15', '660.689.446-67', 681.52),
(19, 'Isabella', '2005-12-12', '527.649.272-70', 758.76),
(20, 'Isadora', '2002-08-24', '346.785.525-33', 767.56),
(21, 'João Lucas', '2006-04-27', '227.217.173-19', 700.3),
(22, 'João Pedro', '2003-02-11', '927.335.379-31', 736.52),
(23, 'Júlia', '2008-03-11', '683.939.676-35', 757.86),
(24, 'Lara', '2004-09-27', '220.731.135-38', 723.23),
(25, 'Laura', '2002-03-12', '882.251.799-28', 865.79),
(26, 'Lorena', '2005-03-24', '361.631.629-57', 961.17),
(27, 'Lorenzo', '2006-07-23', '243.118.662-54', 707.25),
(28, 'Lucas', '2006-05-26', '309.526.959-48', 804.28),
(29, 'Luiza', '2000-07-17', '909.533.633-41', 725.58),
(30, 'Lívia', '2008-09-11', '633.535.356-29', 917.14),
(31, 'Manuela', '2003-10-26', '609.567.863-31', 773.98),
(32, 'Maria Clara', '2006-06-12', '444.817.349-11', 743.91),
(33, 'Maria Eduarda', '1999-02-16', '507.966.697-82', 910.59),
(34, 'Maria Luiza', '2005-01-19', '497.203.220-35', 946.83),
(35, 'Mariana', '2002-11-26', '628.366.929-25', 865.29),
(36, 'Matheus', '2007-08-28', '128.161.288-57', 784.77),
(37, 'Miguel', '2005-05-23', '419.565.416-78', 788.24),
(38, 'Murilo', '2001-10-23', '864.597.672-86', 788.57),
(39, 'Nicolas', '2002-07-13', '397.442.400-84', 795.88),
(40, 'Pedro', '1999-07-24', '222.489.656-13', 947.52),
(41, 'Pedro Henrique', '2002-09-23', '949.498.646-90', 656.88),
(42, 'Rafael', '2004-08-14', '491.970.660-43', 661.42),
(43, 'Rafaela', '2007-07-25', '550.406.240-37', 732.27),
(44, 'Samuel', '2007-11-15', '435.193.327-98', 829.91),
(45, 'Sarah', '2008-04-16', '413.664.772-82', 921.78),
(46, 'Sophia', '2008-09-17', '152.662.885-97', 890.88),
(47, 'Theo', '2006-09-25', '398.827.343-56', 651.9),
(48, 'Valentina', '2002-05-28', '754.533.973-96', 866.97),
(49, 'Vitor', '2005-05-27', '617.794.994-70', 709.9),
(50, 'Yasmin', '2008-10-27', '194.477.799-70', 667.3);

-- --------------------------------------------------------

--
-- Table structure for table `disciplinas`
--

CREATE TABLE IF NOT EXISTS `disciplinas` (
  `id` int(11) NOT NULL,
  `nome` varchar(255) NOT NULL
) ENGINE=InnoDB AUTO_INCREMENT=7 DEFAULT CHARSET=latin1;

--
-- Dumping data for table `disciplinas`
--

INSERT INTO `disciplinas` (`id`, `nome`) VALUES
(1, 'Português'),
(2, 'Matemática'),
(3, 'História'),
(4, 'Geografia'),
(5, 'Ciências');

-- --------------------------------------------------------

--
-- Table structure for table `notas`
--

CREATE TABLE IF NOT EXISTS `notas` (
  `mat_aluno` int(11) NOT NULL,
  `id_disc` int(11) NOT NULL,
  `nota` double NOT NULL
) ENGINE=InnoDB DEFAULT CHARSET=latin1;

--
-- Dumping data for table `notas`
--

INSERT INTO `notas` (`mat_aluno`, `id_disc`, `nota`) VALUES
(1, 1, 30.87),
(1, 2, 57.75),
(1, 3, 63.47),
(1, 4, 47.85),
(1, 5, 62.8),
(2, 1, 81.39),
(2, 2, 97.3),
(2, 3, 3.88),
(2, 4, 97.22),
(2, 5, 95.61),
(3, 1, 25.7),
(3, 2, 48.68),
(3, 3, 0.74),
(3, 4, 79.11),
(3, 5, 81.32),
(4, 1, 90.22),
(4, 2, 23.52),
(4, 3, 25.93),
(4, 4, 98.92),
(4, 5, 57.49),
(5, 1, 0.04),
(5, 2, 14.59),
(5, 3, 22.9),
(5, 4, 25.65),
(5, 5, 59.68),
(6, 1, 68.34),
(6, 2, 81.29),
(6, 3, 39.65),
(6, 4, 75.59),
(6, 5, 45.88),
(7, 1, 99.82),
(7, 2, 43.1),
(7, 3, 30.93),
(7, 4, 53.65),
(7, 5, 62.87),
(8, 1, 66.21),
(8, 2, 22.33),
(8, 3, 37.32),
(8, 4, 2.27),
(8, 5, 38.54),
(9, 1, 52.54),
(9, 2, 92.92),
(9, 3, 9.36),
(9, 4, 70.29),
(9, 5, 86.35),
(10, 1, 35.84),
(10, 2, 20.8),
(10, 3, 89.14),
(10, 4, 56.96),
(10, 5, 80.2),
(11, 1, 24.5),
(11, 2, 29.02),
(11, 3, 13.48),
(11, 4, 9.91),
(11, 5, 68.64),
(12, 1, 41.56),
(12, 2, 94.76),
(12, 3, 68.24),
(12, 4, 33.42),
(12, 5, 41.58),
(13, 1, 99.14),
(13, 2, 53.11),
(13, 3, 43.21),
(13, 4, 3.73),
(13, 5, 95.7),
(14, 1, 81.64),
(14, 2, 54.86),
(14, 3, 99.15),
(14, 4, 88.35),
(14, 5, 79.35),
(15, 1, 57.01),
(15, 2, 98.11),
(15, 3, 1.07),
(15, 4, 57.05),
(15, 5, 54.56),
(16, 1, 67.42),
(16, 2, 99.68),
(16, 3, 61.5),
(16, 4, 92.98),
(16, 5, 59.91),
(17, 1, 3.95),
(17, 2, 24.64),
(17, 3, 97.56),
(17, 4, 27.42),
(17, 5, 71.98),
(18, 1, 90.68),
(18, 2, 64.38),
(18, 3, 88.2),
(18, 4, 58.43),
(18, 5, 70.48),
(19, 1, 41.89),
(19, 2, 45.3),
(19, 3, 57.75),
(19, 4, 57.83),
(19, 5, 84.23),
(20, 1, 83.24),
(20, 2, 44.28),
(20, 3, 44.2),
(20, 4, 41.37),
(20, 5, 66.81),
(21, 1, 11.94),
(21, 2, 84.75),
(21, 3, 74.48),
(21, 4, 28.31),
(21, 5, 98.32),
(22, 1, 1.38),
(22, 2, 49.89),
(22, 3, 57.15),
(22, 4, 49.95),
(22, 5, 56.52),
(23, 1, 69.92),
(23, 2, 99.09),
(23, 3, 48.86),
(23, 4, 95.18),
(23, 5, 44.9),
(24, 1, 31.98),
(24, 2, 73.88),
(24, 3, 32.17),
(24, 4, 96.89),
(24, 5, 8.84),
(25, 1, 14.58),
(25, 2, 56.55),
(25, 3, 12.73),
(25, 4, 50.15),
(25, 5, 90.53),
(26, 1, 35.62),
(26, 2, 31.98),
(26, 3, 22.68),
(26, 4, 53.98),
(26, 5, 27.65),
(27, 1, 63.1),
(27, 2, 63.99),
(27, 3, 70.28),
(27, 4, 53.81),
(27, 5, 70.65),
(28, 1, 99.03),
(28, 2, 77.06),
(28, 3, 37.73),
(28, 4, 65.61),
(28, 5, 47.76),
(29, 1, 20.52),
(29, 2, 94.05),
(29, 3, 60.94),
(29, 4, 41.55),
(29, 5, 55.23),
(30, 1, 36.1),
(30, 2, 25.75),
(30, 3, 50.03),
(30, 4, 72.42),
(30, 5, 77.41),
(31, 1, 82.35),
(31, 2, 69.62),
(31, 3, 90.95),
(31, 4, 21.48),
(31, 5, 42.9),
(32, 1, 40.68),
(32, 2, 5.05),
(32, 3, 70.23),
(32, 4, 74.9),
(32, 5, 40.73),
(33, 1, 33.45),
(33, 2, 32.4),
(33, 3, 17.99),
(33, 4, 48.2),
(33, 5, 55.48),
(34, 1, 80.64),
(34, 2, 48.58),
(34, 3, 82.92),
(34, 4, 51.74),
(34, 5, 87.83),
(35, 1, 3.4),
(35, 2, 7.99),
(35, 3, 88.83),
(35, 4, 72.03),
(35, 5, 28.05),
(36, 1, 20.39),
(36, 2, 1.34),
(36, 3, 92.71),
(36, 4, 12.65),
(36, 5, 67.45),
(37, 1, 26.99),
(37, 2, 70.48),
(37, 3, 12.95),
(37, 4, 0.62),
(37, 5, 46),
(38, 1, 47.77),
(38, 2, 32.45),
(38, 3, 18.36),
(38, 4, 59.9),
(38, 5, 68.06),
(39, 1, 58.61),
(39, 2, 56.11),
(39, 3, 20.79),
(39, 4, 28.07),
(39, 5, 4.69),
(40, 1, 52.55),
(40, 2, 88.29),
(40, 3, 48.92),
(40, 4, 7.49),
(40, 5, 59.01),
(41, 1, 47.81),
(41, 2, 19.67),
(41, 3, 71.03),
(41, 4, 61.27),
(41, 5, 71.5),
(42, 1, 90.24),
(42, 2, 26.22),
(42, 3, 51.76),
(42, 4, 40.92),
(42, 5, 28.99),
(43, 1, 97.47),
(43, 2, 24.15),
(43, 3, 79.4),
(43, 4, 14.9),
(43, 5, 28.5),
(44, 1, 61.97),
(44, 2, 60.84),
(44, 3, 4.31),
(44, 4, 21.78),
(44, 5, 58.38),
(45, 1, 72.2),
(45, 2, 97.77),
(45, 3, 88.77),
(45, 4, 34.88),
(45, 5, 6.78),
(46, 1, 33.7),
(46, 2, 91.03),
(46, 3, 23.86),
(46, 4, 56.89),
(46, 5, 52.75),
(47, 1, 76.88),
(47, 2, 41.34),
(47, 3, 56.21),
(47, 4, 9),
(47, 5, 82.06),
(48, 1, 4.94),
(48, 2, 94.25),
(48, 3, 52.35),
(48, 4, 68.72),
(48, 5, 44.74),
(49, 1, 88.79),
(49, 2, 70.32),
(49, 3, 22.34),
(49, 4, 14.54),
(49, 5, 55.15),
(50, 1, 56.81),
(50, 2, 12.94),
(50, 3, 35.01),
(50, 4, 56.04),
(50, 5, 70.31);

--
-- Indexes for dumped tables
--

--
-- Indexes for table `aluno`
--
ALTER TABLE `aluno`
  ADD PRIMARY KEY (`matricula`);

--
-- Indexes for table `disciplinas`
--
ALTER TABLE `disciplinas`
  ADD PRIMARY KEY (`id`);

--
-- Indexes for table `notas`
--
ALTER TABLE `notas`
  ADD PRIMARY KEY (`mat_aluno`,`id_disc`),
  ADD KEY `FK_DISCIPLINA` (`id_disc`);

--
-- AUTO_INCREMENT for dumped tables
--

--
-- AUTO_INCREMENT for table `aluno`
--
ALTER TABLE `aluno`
  MODIFY `matricula` int(11) NOT NULL AUTO_INCREMENT,AUTO_INCREMENT=51;
--
-- AUTO_INCREMENT for table `disciplinas`
--
ALTER TABLE `disciplinas`
  MODIFY `id` int(11) NOT NULL AUTO_INCREMENT,AUTO_INCREMENT=7;
--
-- Constraints for dumped tables
--

--
-- Constraints for table `notas`
--
ALTER TABLE `notas`
  ADD CONSTRAINT `FK_ALUNO` FOREIGN KEY (`mat_aluno`) REFERENCES `aluno` (`matricula`) ON DELETE CASCADE ON UPDATE CASCADE,
  ADD CONSTRAINT `FK_DISCIPLINA` FOREIGN KEY (`id_disc`) REFERENCES `disciplinas` (`id`) ON DELETE CASCADE ON UPDATE CASCADE;

/*!40101 SET CHARACTER_SET_CLIENT=@OLD_CHARACTER_SET_CLIENT */;
/*!40101 SET CHARACTER_SET_RESULTS=@OLD_CHARACTER_SET_RESULTS */;
/*!40101 SET COLLATION_CONNECTION=@OLD_COLLATION_CONNECTION */;
